hammad,22,AI
hammad,22,AI
hammad,22,AI
hammad,22,AI
hammad,22,ds
hammad,22,ds
hammad,22,ds
hammad,22,ds
hammad,22,ds
hammad,22,ds
hammad,22,ds
hammad,22,ds
hammad,22,ds
hammad,22,ds
hammad,22,ds
hammad,22,ds
hammad,22,ds
hammad,22,ds
hammad,22,ds
hammad,22,ds
hammad,22,ds
hammad,22,ds
hammad,22,ds
hammad,22,ds
hammad,22,ds
hhh,55,tt
hhh,55,tt
hhh,55,tt
had,22,ee
had,22,ee
ds,22,ds
ds,22,ds
ds,22,ds
hjk,32,re
hjk,32,re
hjkl,2,sa
hjkl,2,sa
hammad,22,dss
hammad,22,dss
hammad,22,dss
hammad,22,dss
hammad,22,dss
hammad,22,dss
hammad,22,dss
fgh,22,"nm,"
fgh,22,"nm,"
fgh,22,"nm,"
fgh,22,"nm,"
fgh,22,"nm,"
fgh,22,"nm,"
fgh,22,"nm,"
fgh,22,"nm,"
fgh,22,"nm,"
fgh,22,"nm,"
fgh,22,"nm,"
fgh,22,"nm,"
fgh,22,"nm,"
fgh,22,"nm,"
fgh,22,"nm,"
fgh,22,"nm,"
fgh,22,"nm,"
fgh,22,"nm,"
fgh,22,"nm,"
fgh,22,"nm,"
fgh,22,"nm,"
fgh,22,"nm,"
fgh,22,"nm,"
fgh,22,"nm,"
fgh,22,"nm,"
fgh,22,"nm,"
fgh,22,"nm,"
fgh,22,"nm,"
fgh,22,"nm,"
fgh,22,"nm,"
fgh,22,"nm,"
fgh,22,"nm,"
fgh,22,"nm,"
fgh,22,"nm,"
fgh,22,"nm,"
fgh,22,"nm,"
fgh,22,"nm,"
fgh,22,"nm,"
fgh,22,"nm,"
fgh,22,"nm,"
hammad,22,AI
hammad,22,AI
hammad,22,AI
hammad,22,AI
hammad,22,AI
hammad,22,AI
hammad,22,AI
hammad,22,AI
hammad,22,AI
hammad,22,AI
hammad,22,AI
hammad,22,AI
hammad,22,AI
hammad,22,AI
hammad,22,AI
hammad,22,AI
hammad,22,AI
hammad,22,AI
